{
  "country": "Marshall Islands",
  "country-code": "MH",
  "delegation-status": [
    "allocated",
    "assigned"
  ],
  "mode": "aggregated",
  "subnets": {
    "ipv4": [
      "23.181.56.0/24",
      "81.30.106.0/24",
      "103.202.148.0/22",
      "117.103.88.0/21",
      "185.201.244.0/22",
      "185.207.196.0/22",
      "193.227.113.0/24",
      "203.78.152.0/22"
    ],
    "ipv6": [
      "2405:400::/32",
      "2602:f8bb::/40",
      "2a13:2380::/29",
      "2a13:77c0::/29",
      "2a14:7d40::/29"
    ]
  }
}